"интерьерная широкоформатная печать","нет в топ",-
"интерьерная печать в москве","нет в топ",-
"интерьерная печать цена","нет в топ",-
"интерьерная печать на холсте","нет в топ",-
"интерьерная печать на пленке","нет в топ",-
"интерьерная печать недорого в москве","нет в топ",-
"интерьерная печать на ткани","нет в топ",-
"широкоформатная интерьерная печать москва","нет в топ",-
"интерьерная печать на баннере","нет в топ",-
"стоимость интерьерной печати",96,http://printstate.ru/intererpechat.php
"срочная интерьерная печать","нет в топ",-
"производство световых коробов","нет в топ",-
"световой короб производство","нет в топ",-
"световые короба производство","нет в топ",-
"широкоформатная печать в москве","нет в топ",-
"широкоформатная печать дешево","нет в топ",-
"дешевая широкоформатная печать","нет в топ",-
"широкоформатная печать в москве дешево","нет в топ",-
"широкоформатная печать цена","нет в топ",-
"широкоформатная печать на пленке","нет в топ",-
"широкоформатная печать баннеров","нет в топ",-
"латексная печать",6,http://printstate.ru/latex.php
"печать латексными чернилами",27,http://printstate.ru/latex.php
"печать на латексном принтере",23,http://printstate.ru/latex.php
"латексная печать фотообоев",8,http://printstate.ru/latex.php
"материалы для латексной печати",11,http://printstate.ru/latex.php
"фотообои на заказ","нет в топ",-
"фотообои в москве на заказ","нет в топ",-
"изготовление фотообоев на заказ","нет в топ",-
"фотообои под заказ","нет в топ",-
"фотообои на стену на заказ","нет в топ",-
"печать фотообои на заказ","нет в топ",-
"фотообои на заказ недорого","нет в топ",-
"недорогие фотообои на заказ","нет в топ",-
"купить фотообои на заказ","нет в топ",-
"фотообои на заказ цена","нет в топ",-
"фотообои на заказ москва недорого","нет в топ",-
"фотообои под заказ в москве","нет в топ",-
,"нет в топ",-
